{
  "Use Non-ASCII Font" : false,
  "Tags" : [

  ],
  "Ansi 12 Color" : {
    "Green Component" : 0.63529411759999999,
    "Red Component" : 0.50588235290000005,
    "Blue Component" : 0.74509803919999995
  },
  "Ansi 6 Color" : {
    "Green Component" : 0.74509803921568629,
    "Red Component" : 0.54117647058823526,
    "Blue Component" : 0.71764705882352942
  },
  "Draw Powerline Glyphs" : true,
  "Bold Color" : {
    "Green Component" : 0.7843137255,
    "Red Component" : 0.7725490196,
    "Blue Component" : 0.77647058820000003
  },
  "Normal Font" : "SourceCodeProRoman-Light 12",
  "Ansi 0 Color" : {
    "Green Component" : 0,
    "Red Component" : 0,
    "Blue Component" : 0
  },
  "Ansi 4 Color" : {
    "Green Component" : 0.63529411764705879,
    "Red Component" : 0.50588235294117645,
    "Blue Component" : 0.74509803921568629
  },
  "Rows" : 25,
  "Default Bookmark" : "No",
  "Ansi 5 Color" : {
    "Green Component" : 0.58039215686274503,
    "Red Component" : 0.69803921568627447,
    "Blue Component" : 0.73333333333333328
  },
  "Cursor Guide Color" : {
    "Red Component" : 0.70214027166366577,
    "Color Space" : "sRGB",
    "Blue Component" : 1,
    "Alpha Component" : 0.25,
    "Green Component" : 0.92681378126144409
  },
  "Non-ASCII Anti Aliased" : true,
  "Use Bright Bold" : true,
  "Ansi 10 Color" : {
    "Green Component" : 0.74117647060000003,
    "Red Component" : 0.70980392160000005,
    "Blue Component" : 0.40784313729999999
  },
  "Ambiguous Double Width" : false,
  "Jobs to Ignore" : [
    "rlogin",
    "ssh",
    "slogin",
    "telnet"
  ],
  "Ansi 15 Color" : {
    "Green Component" : 0.99997437000274658,
    "Red Component" : 1,
    "Blue Component" : 0.99999129772186279
  },
  "Foreground Color" : {
    "Green Component" : 0.78431372549019607,
    "Red Component" : 0.77254901960784317,
    "Blue Component" : 0.77647058823529413
  },
  "Working Directory" : "\/Users\/zaccollier",
  "Blinking Cursor" : false,
  "Disable Window Resizing" : true,
  "Sync Title" : false,
  "Prompt Before Closing 2" : false,
  "BM Growl" : true,
  "Command" : "",
  "Description" : "Default",
  "Space" : 0,
  "Mouse Reporting" : true,
  "Screen" : -1,
  "Selection Color" : {
    "Green Component" : 0.23137254901960785,
    "Red Component" : 0.21568627450980393,
    "Blue Component" : 0.25490196078431371
  },
  "Columns" : 80,
  "Idle Code" : 0,
  "Ansi 13 Color" : {
    "Green Component" : 0.58039215690000001,
    "Red Component" : 0.69803921570000005,
    "Blue Component" : 0.73333333329999995
  },
  "Custom Command" : "No",
  "ASCII Anti Aliased" : true,
  "Non Ascii Font" : "Monaco 12",
  "Vertical Spacing" : 1,
  "Use Bold Font" : true,
  "Option Key Sends" : 2,
  "Selected Text Color" : {
    "Green Component" : 0.7843137255,
    "Red Component" : 0.7725490196,
    "Blue Component" : 0.77647058820000003
  },
  "Background Color" : {
    "Green Component" : 0.12156862765550613,
    "Red Component" : 0.11372549086809158,
    "Blue Component" : 0.12941177189350128
  },
  "Character Encoding" : 4,
  "Ansi 11 Color" : {
    "Green Component" : 0.77647058820000003,
    "Red Component" : 0.94117647059999998,
    "Blue Component" : 0.4549019608
  },
  "Use Italic Font" : true,
  "Unlimited Scrollback" : false,
  "Keyboard Map" : {

  },
  "Window Type" : 2,
  "Blur Radius" : 9.5112948803191486,
  "Initial Text" : "source ~\/.zshrc",
  "Background Image Location" : "",
  "Blur" : true,
  "Badge Color" : {
    "Red Component" : 1,
    "Color Space" : "sRGB",
    "Blue Component" : 0,
    "Alpha Component" : 0.5,
    "Green Component" : 0.14910030364990234
  },
  "Scrollback Lines" : 1000,
  "Send Code When Idle" : false,
  "Close Sessions On End" : true,
  "Terminal Type" : "xterm-256color",
  "Visual Bell" : true,
  "Flashing Bell" : false,
  "Silence Bell" : false,
  "Ansi 14 Color" : {
    "Green Component" : 0.74509803919999995,
    "Red Component" : 0.54117647059999996,
    "Blue Component" : 0.71764705880000002
  },
  "ASCII Ligatures" : true,
  "Name" : "Default",
  "Cursor Text Color" : {
    "Green Component" : 0.12156862765550613,
    "Red Component" : 0.11372549086809158,
    "Blue Component" : 0.12941177189350128
  },
  "Shortcut" : "",
  "Cursor Color" : {
    "Green Component" : 0.7843137255,
    "Red Component" : 0.7725490196,
    "Blue Component" : 0.77647058820000003
  },
  "Transparency" : 0.15067320478723406,
  "Ansi 1 Color" : {
    "Green Component" : 0.40000000000000002,
    "Red Component" : 0.80000000000000004,
    "Blue Component" : 0.40000000000000002
  },
  "Horizontal Spacing" : 1,
  "Link Color" : {
    "Red Component" : 0,
    "Color Space" : "sRGB",
    "Blue Component" : 0.73422706127166748,
    "Alpha Component" : 1,
    "Green Component" : 0.35915294289588928
  },
  "Guid" : "5065DE2F-38F0-493C-ADE0-7765D791023A",
  "Ansi 2 Color" : {
    "Green Component" : 0.74117647058823533,
    "Red Component" : 0.70980392156862748,
    "Blue Component" : 0.40784313725490196
  },
  "Ansi 3 Color" : {
    "Green Component" : 0.77647058823529413,
    "Red Component" : 0.94117647058823528,
    "Blue Component" : 0.45490196078431372
  },
  "Ansi 7 Color" : {
    "Green Component" : 0.99997437000274658,
    "Red Component" : 1,
    "Blue Component" : 0.99999129772186279
  },
  "Ansi 8 Color" : {
    "Green Component" : 0,
    "Red Component" : 0,
    "Blue Component" : 0
  },
  "Ansi 9 Color" : {
    "Green Component" : 0.40000000000000002,
    "Red Component" : 0.80000000000000004,
    "Blue Component" : 0.40000000000000002
  },
  "Custom Directory" : "No",
  "Right Option Key Sends" : 0
}